Model,Env,Run,Wall Time (s),Sample Complexity,Mean Reward,Std Dev,File,Save Path
trpor,Ant-v5,1,697.498621225357,inf,647.4662498191419,659.4625548121633,.eval/trpor/Ant-v5_1/run_1_data.csv,.eval/trpor/Ant-v5_1
trpor,Ant-v5,2,372.0505657196045,inf,725.48466956,772.4471658360461,.eval/trpor/Ant-v5_2/run_2_data.csv,.eval/trpor/Ant-v5_2
trpor,Ant-v5,3,360.4720287322998,inf,596.4316551989979,566.3482403147684,.eval/trpor/Ant-v5_3/run_3_data.csv,.eval/trpor/Ant-v5_3
entrpo,Ant-v5,1,441.2026228904724,1630,537.6348294766917,729.2286937703634,.eval/entrpo/Ant-v5_1/run_1_data.csv,.eval/entrpo/Ant-v5_1
trpor,Ant-v5,4,359.14980149269104,inf,571.1824464934524,648.7385352068957,.eval/trpor/Ant-v5_4/run_4_data.csv,.eval/trpor/Ant-v5_4
entrpo,Ant-v5,2,442.86620807647705,2525,395.0143207467748,687.2292676818055,.eval/entrpo/Ant-v5_2/run_2_data.csv,.eval/entrpo/Ant-v5_2
trpor,Ant-v5,5,359.8592245578766,inf,619.8798778729216,669.9218161369323,.eval/trpor/Ant-v5_5/run_5_data.csv,.eval/trpor/Ant-v5_5
entrpo,Ant-v5,3,445.25684332847595,1617,685.787507296576,991.3736764673719,.eval/entrpo/Ant-v5_3/run_3_data.csv,.eval/entrpo/Ant-v5_3
trpor,Ant-v5,6,361.52916526794434,inf,808.6828629823129,906.744471224033,.eval/trpor/Ant-v5_6/run_6_data.csv,.eval/trpor/Ant-v5_6
entrpo,Ant-v5,4,445.1065528392792,1857,466.03456322880965,664.7431156850396,.eval/entrpo/Ant-v5_4/run_4_data.csv,.eval/entrpo/Ant-v5_4
trpor,Ant-v5,7,359.3746087551117,inf,662.0210712019116,760.9386798561047,.eval/trpor/Ant-v5_7/run_7_data.csv,.eval/trpor/Ant-v5_7
entrpo,Ant-v5,5,443.3707857131958,2263,507.5115044671677,901.8908198260372,.eval/entrpo/Ant-v5_5/run_5_data.csv,.eval/entrpo/Ant-v5_5
trpor,Ant-v5,8,358.4958236217499,inf,666.6653394615857,808.262133714971,.eval/trpor/Ant-v5_8/run_8_data.csv,.eval/trpor/Ant-v5_8
trpor,Ant-v5,9,359.1021614074707,inf,673.0149680767046,644.3897995438809,.eval/trpor/Ant-v5_9/run_9_data.csv,.eval/trpor/Ant-v5_9
entrpo,Ant-v5,6,446.20163583755493,1685,580.0070028036417,827.8038529209298,.eval/entrpo/Ant-v5_6/run_6_data.csv,.eval/entrpo/Ant-v5_6
trpor,Ant-v5,10,362.12254309654236,inf,650.0270919456806,763.1806914049637,.eval/trpor/Ant-v5_10/run_10_data.csv,.eval/trpor/Ant-v5_10
entrpo,Ant-v5,7,445.40401005744934,1820,539.204603855948,801.2778416657128,.eval/entrpo/Ant-v5_7/run_7_data.csv,.eval/entrpo/Ant-v5_7
trpor,Ant-v5,1,369.4446783065796,inf,708.1836471263409,810.6843652824872,.eval/trpor/Ant-v5_11/run_1_data.csv,.eval/trpor/Ant-v5_11
entrpo,Ant-v5,8,465.3031716346741,2691,367.7411703122348,656.9778883104078,.eval/entrpo/Ant-v5_8/run_8_data.csv,.eval/entrpo/Ant-v5_8
entrpo,Ant-v5,9,400.57060647010803,2433,387.3087141780085,675.1867700586566,.eval/entrpo/Ant-v5_9/run_9_data.csv,.eval/entrpo/Ant-v5_9
entrpo,Ant-v5,10,457.2473192214966,1801,458.7217314038741,660.3017262319041,.eval/entrpo/Ant-v5_10/run_10_data.csv,.eval/entrpo/Ant-v5_10
trpo,Ant-v5,1,198.78887367248535,inf,114.73316992068966,319.9009393281262,.eval/trpo/Ant-v5_3/run_1_data.csv,.eval/trpo/Ant-v5_3
trpo,Ant-v5,1,327.49566769599915,inf,169.90229015151516,383.13108566327185,.eval/trpo/Ant-v5_1/run_1_data.csv,.eval/trpo/Ant-v5_1
trpo,Ant-v5,2,489.1090681552887,inf,162.8040493815261,357.5420180549668,.eval/trpo/Ant-v5_2/run_2_data.csv,.eval/trpo/Ant-v5_2
entrpo,Ant-v5,1,964.7377023696899,2185,452.83921019870496,749.4805350876766,.eval/entrpo/Ant-v5_11/run_1_data.csv,.eval/entrpo/Ant-v5_11
trpor,Ant-v5,1,981.3558096885681,inf,525.2625275296319,575.3484426853842,.eval/trpor/Ant-v5_13/run_1_data.csv,.eval/trpor/Ant-v5_13
trpo,Ant-v5,3,441.6831123828888,inf,132.72656674358976,334.83418553680724,.eval/trpo/Ant-v5_3/run_3_data.csv,.eval/trpo/Ant-v5_3
trpo,Ant-v5,4,448.51839447021484,inf,124.22643741296929,331.03879944345516,.eval/trpo/Ant-v5_4/run_4_data.csv,.eval/trpo/Ant-v5_4
entrpo,Ant-v5,2,1175.1910665035248,2803,388.77405820060994,770.5252223922731,.eval/entrpo/Ant-v5_12/run_2_data.csv,.eval/entrpo/Ant-v5_12
trpor,Ant-v5,2,991.7717752456665,inf,653.3440483955824,704.1410472761088,.eval/trpor/Ant-v5_14/run_2_data.csv,.eval/trpor/Ant-v5_14
trpo,Ant-v5,5,440.81585335731506,inf,113.20342207536233,298.78269580648356,.eval/trpo/Ant-v5_5/run_5_data.csv,.eval/trpo/Ant-v5_5
trpo,Ant-v5,6,404.32467222213745,inf,140.93703087457627,362.4430152998998,.eval/trpo/Ant-v5_6/run_6_data.csv,.eval/trpo/Ant-v5_6
trpor,Ant-v5,3,897.0784602165222,inf,609.8964410612613,720.9683522876617,.eval/trpor/Ant-v5_15/run_3_data.csv,.eval/trpor/Ant-v5_15
entrpo,Ant-v5,1,6203.171769857407,1907,503.7208007042002,749.1609701152677,.eval/entrpo/Ant-v5_1/run_1_data.csv,.eval/entrpo/Ant-v5_1
trpor,Ant-v5,1,9166.69328904152,inf,728.015294006725,742.3067373060791,.eval/trpor/Ant-v5_17/run_1_data.csv,.eval/trpor/Ant-v5_17
entrpo,Ant-v5,2,6841.996432304382,1828,505.94699250069283,727.4309451402752,.eval/entrpo/Ant-v5_2/run_2_data.csv,.eval/entrpo/Ant-v5_2
entrpohigh,Ant-v5,1,485.5161027908325,inf,-61.299629406005224,173.47004523342656,.eval/entrpohigh/Ant-v5_3/run_1_data.csv,.eval/entrpohigh/Ant-v5_3
entrpohigh,Ant-v5,2,490.09416913986206,inf,-61.50264029701686,176.32808986542952,.eval/entrpohigh/Ant-v5_4/run_2_data.csv,.eval/entrpohigh/Ant-v5_4
entrpohigh,Ant-v5,3,489.11673164367676,inf,-57.95473416729089,166.24801017996387,.eval/entrpohigh/Ant-v5_5/run_3_data.csv,.eval/entrpohigh/Ant-v5_5
entrpohigh,Ant-v5,4,501.46920132637024,inf,-54.66544421557562,144.49236570667614,.eval/entrpohigh/Ant-v5_6/run_4_data.csv,.eval/entrpohigh/Ant-v5_6
entrpohigh,Ant-v5,5,497.3328013420105,inf,-62.43305556121212,165.38649552175727,.eval/entrpohigh/Ant-v5_7/run_5_data.csv,.eval/entrpohigh/Ant-v5_7
entrpohigh,Ant-v5,6,497.80982303619385,inf,-62.76602868194445,175.00002935065027,.eval/entrpohigh/Ant-v5_8/run_6_data.csv,.eval/entrpohigh/Ant-v5_8
entrpohigh,Ant-v5,7,501.1287090778351,inf,-65.33393077020202,165.69164655654723,.eval/entrpohigh/Ant-v5_9/run_7_data.csv,.eval/entrpohigh/Ant-v5_9
entrpohigh,Ant-v5,8,486.24040961265564,inf,-58.39900587231504,151.47840225861205,.eval/entrpohigh/Ant-v5_10/run_8_data.csv,.eval/entrpohigh/Ant-v5_10
entrpohigh,Ant-v5,9,479.6991264820099,inf,-60.38534305907781,180.84387271905456,.eval/entrpohigh/Ant-v5_11/run_9_data.csv,.eval/entrpohigh/Ant-v5_11
entrpohigh,Ant-v5,10,496.24258041381836,inf,-59.14975771148825,164.88945901603574,.eval/entrpohigh/Ant-v5_12/run_10_data.csv,.eval/entrpohigh/Ant-v5_12
entrpohigh,Humanoid-v5,1,726.2011761665344,inf,162.68105770366944,87.53500763476544,.eval/entrpohigh/Humanoid-v5_1/run_1_data.csv,.eval/entrpohigh/Humanoid-v5_1
entrpohigh,Humanoid-v5,2,721.7168152332306,inf,157.41192466817088,80.92451865290039,.eval/entrpohigh/Humanoid-v5_2/run_2_data.csv,.eval/entrpohigh/Humanoid-v5_2
entrpohigh,Humanoid-v5,3,707.156355381012,inf,158.5943567281788,85.74624295919615,.eval/entrpohigh/Humanoid-v5_3/run_3_data.csv,.eval/entrpohigh/Humanoid-v5_3
entrpohigh,Humanoid-v5,4,733.0321068763733,inf,162.6117446718266,86.3781612257646,.eval/entrpohigh/Humanoid-v5_4/run_4_data.csv,.eval/entrpohigh/Humanoid-v5_4
entrpohigh,Humanoid-v5,5,732.1428997516632,inf,166.48281778264985,88.77671687805166,.eval/entrpohigh/Humanoid-v5_5/run_5_data.csv,.eval/entrpohigh/Humanoid-v5_5
trpor,Ant-v5,2,13472.26135969162,inf,676.1771881107449,668.6112600796208,.eval/trpor/Ant-v5_18/run_2_data.csv,.eval/trpor/Ant-v5_18
entrpohigh,Humanoid-v5,6,718.4615576267242,inf,162.60997532835822,88.309286551373,.eval/entrpohigh/Humanoid-v5_6/run_6_data.csv,.eval/entrpohigh/Humanoid-v5_6
entrpo,Ant-v5,3,10227.583418607712,1786,504.1166298574109,721.0894132990182,.eval/entrpo/Ant-v5_3/run_3_data.csv,.eval/entrpo/Ant-v5_3
entrpohigh,Humanoid-v5,7,726.064877986908,inf,161.48806680801232,84.47897101774464,.eval/entrpohigh/Humanoid-v5_7/run_7_data.csv,.eval/entrpohigh/Humanoid-v5_7
entrpohigh,Humanoid-v5,8,727.2944796085358,inf,165.26714670993087,87.48895636182101,.eval/entrpohigh/Humanoid-v5_8/run_8_data.csv,.eval/entrpohigh/Humanoid-v5_8
entrpohigh,Humanoid-v5,9,728.1075618267059,inf,167.24944245692407,88.83194510491154,.eval/entrpohigh/Humanoid-v5_9/run_9_data.csv,.eval/entrpohigh/Humanoid-v5_9
entrpohigh,Humanoid-v5,10,741.7203018665314,inf,154.22012266107185,79.79061731934584,.eval/entrpohigh/Humanoid-v5_10/run_10_data.csv,.eval/entrpohigh/Humanoid-v5_10
entrpolow,Ant-v5,1,4684.60786151886,inf,-116.48922713454546,235.24814836803887,.eval/entrpolow/Ant-v5_1/run_1_data.csv,.eval/entrpolow/Ant-v5_1
entrpo,Ant-v5,4,10553.395946979523,1802,591.2910444761686,887.5737470864776,.eval/entrpo/Ant-v5_4/run_4_data.csv,.eval/entrpo/Ant-v5_4
entrpolow,Ant-v5,2,4599.977083444595,inf,-125.68937325423728,249.16273984317442,.eval/entrpolow/Ant-v5_2/run_2_data.csv,.eval/entrpolow/Ant-v5_2
trpor,Ant-v5,3,15972.585465192795,inf,573.9108687995938,605.974061831443,.eval/trpor/Ant-v5_19/run_3_data.csv,.eval/trpor/Ant-v5_19
entrpolow,Ant-v5,3,4644.382406711578,inf,-107.73918578708947,219.78368712000042,.eval/entrpolow/Ant-v5_3/run_3_data.csv,.eval/entrpolow/Ant-v5_3
entrpo,Ant-v5,5,10552.093616485596,2613,389.75855443239334,718.4037411708988,.eval/entrpo/Ant-v5_5/run_5_data.csv,.eval/entrpo/Ant-v5_5
entrpolow,Ant-v5,4,4694.638163089752,inf,-119.20838196603773,239.1926716935722,.eval/entrpolow/Ant-v5_4/run_4_data.csv,.eval/entrpolow/Ant-v5_4
entrpolow,Ant-v5,5,4630.728584766388,inf,-108.25109244557824,226.94368638338176,.eval/entrpolow/Ant-v5_5/run_5_data.csv,.eval/entrpolow/Ant-v5_5
trpo,Ant-v5,1,51602.39819598198,inf,716.3668335750973,426.50586674680164,.eval/trpo/Ant-v5_11/run_1_data.csv,.eval/trpo/Ant-v5_11
entrpolow,Ant-v5,6,4610.942264080048,inf,-104.85190463665595,218.5978978464187,.eval/entrpolow/Ant-v5_6/run_6_data.csv,.eval/entrpolow/Ant-v5_6
trpor,Ant-v5,4,15975.52140712738,inf,633.1101611482462,675.6206574243369,.eval/trpor/Ant-v5_20/run_4_data.csv,.eval/trpor/Ant-v5_20
entrpo,Ant-v5,6,10510.800418376923,2768,339.73855480657573,612.997036203133,.eval/entrpo/Ant-v5_6/run_6_data.csv,.eval/entrpo/Ant-v5_6
trpo,Ant-v5,2,7167.790328979492,inf,145.6422675270758,344.37501628684305,.eval/trpo/Ant-v5_13/run_2_data.csv,.eval/trpo/Ant-v5_13
entrpolow,Ant-v5,7,4651.1386523246765,inf,-101.1807763719705,207.31899921779504,.eval/entrpolow/Ant-v5_7/run_7_data.csv,.eval/entrpolow/Ant-v5_7
entrpolow,Ant-v5,8,4608.015168190002,inf,-114.49257399159664,237.90877742232001,.eval/entrpolow/Ant-v5_8/run_8_data.csv,.eval/entrpolow/Ant-v5_8
entrpo,Ant-v5,7,10553.196743249893,2240,447.6112797434974,739.6411467247292,.eval/entrpo/Ant-v5_7/run_7_data.csv,.eval/entrpo/Ant-v5_7
trpo,Ant-v5,3,7102.1892557144165,inf,180.43180723144104,369.8561329315885,.eval/trpo/Ant-v5_14/run_3_data.csv,.eval/trpo/Ant-v5_14
entrpolow,Ant-v5,9,4685.09783244133,inf,-105.7736946,222.7712578650644,.eval/entrpolow/Ant-v5_9/run_9_data.csv,.eval/entrpolow/Ant-v5_9
trpor,Ant-v5,5,16059.356120586395,inf,557.7252471525996,569.1245209791675,.eval/trpor/Ant-v5_21/run_5_data.csv,.eval/trpor/Ant-v5_21
entrpolow,Ant-v5,10,4718.029328584671,inf,-92.10028096421846,195.64763111472854,.eval/entrpolow/Ant-v5_10/run_10_data.csv,.eval/entrpolow/Ant-v5_10
trpo,Ant-v5,4,7187.028522014618,inf,136.45698911764705,357.4498211335077,.eval/trpo/Ant-v5_15/run_4_data.csv,.eval/trpo/Ant-v5_15
entrpo,Ant-v5,8,10563.466337442398,2043,440.4735923808279,677.0357087979235,.eval/entrpo/Ant-v5_8/run_8_data.csv,.eval/entrpo/Ant-v5_8
trpo,Ant-v5,5,7183.768615245819,inf,154.07578740625,363.5594391455151,.eval/trpo/Ant-v5_16/run_5_data.csv,.eval/trpo/Ant-v5_16
entrpo,Ant-v5,9,10707.813195228577,1537,686.2274566531346,951.7733230801883,.eval/entrpo/Ant-v5_9/run_9_data.csv,.eval/entrpo/Ant-v5_9
trpor,Ant-v5,6,16129.72945523262,inf,713.1404894036635,752.2596456211851,.eval/trpor/Ant-v5_22/run_6_data.csv,.eval/trpor/Ant-v5_22
trpo,Ant-v5,6,7192.165425777435,inf,144.77785849248122,356.9614000647687,.eval/trpo/Ant-v5_17/run_6_data.csv,.eval/trpo/Ant-v5_17
trpo,Ant-v5,7,7337.36216044426,inf,114.32939425233644,314.06796555832204,.eval/trpo/Ant-v5_18/run_7_data.csv,.eval/trpo/Ant-v5_18
entrpo,Ant-v5,10,10761.256800889969,2124,545.7966629581489,899.7435857657763,.eval/entrpo/Ant-v5_10/run_10_data.csv,.eval/entrpo/Ant-v5_10
entrpolow,Humanoid-v5,1,26634.037960767746,inf,235.4590831378175,116.98539379815558,.eval/entrpolow/Humanoid-v5_1/run_1_data.csv,.eval/entrpolow/Humanoid-v5_1
trpo,Ant-v5,8,5840.727207183838,inf,131.79818607142857,339.11498851778657,.eval/trpo/Ant-v5_19/run_8_data.csv,.eval/trpo/Ant-v5_19
trpor,Ant-v5,7,14237.086086273193,inf,466.1573557027174,598.50889652268,.eval/trpor/Ant-v5_23/run_7_data.csv,.eval/trpor/Ant-v5_23
trpo,Ant-v5,9,4857.535314083099,inf,236.44472697206703,422.05046343256,.eval/trpo/Ant-v5_20/run_9_data.csv,.eval/trpo/Ant-v5_20
trpo,Ant-v5,10,4897.440807342529,inf,158.47245450194552,359.8794261314785,.eval/trpo/Ant-v5_21/run_10_data.csv,.eval/trpo/Ant-v5_21
trpor,Ant-v5,8,9550.465778827667,inf,609.2028496332916,644.9768801241539,.eval/trpor/Ant-v5_24/run_8_data.csv,.eval/trpor/Ant-v5_24
entrpolow,Humanoid-v5,2,13243.75617313385,inf,226.37481509837545,118.94467770236928,.eval/entrpolow/Humanoid-v5_2/run_2_data.csv,.eval/entrpolow/Humanoid-v5_2
trpor,Ant-v5,9,4285.8980050086975,inf,688.9720341036303,759.3220657952235,.eval/trpor/Ant-v5_25/run_9_data.csv,.eval/trpor/Ant-v5_25
entrpolow,Humanoid-v5,3,5322.69785284996,inf,225.53148108652547,116.73165555286357,.eval/entrpolow/Humanoid-v5_3/run_3_data.csv,.eval/entrpolow/Humanoid-v5_3
trpor,Ant-v5,10,4325.3512279987335,inf,802.4349142395694,933.9376168869824,.eval/trpor/Ant-v5_26/run_10_data.csv,.eval/trpor/Ant-v5_26
entrpolow,Humanoid-v5,4,2457.188009738922,inf,232.84600879003725,115.99589701339421,.eval/entrpolow/Humanoid-v5_4/run_4_data.csv,.eval/entrpolow/Humanoid-v5_4
entrpolow,Humanoid-v5,5,1236.0813825130463,inf,225.56397070606602,106.39798386226188,.eval/entrpolow/Humanoid-v5_5/run_5_data.csv,.eval/entrpolow/Humanoid-v5_5
entrpolow,Humanoid-v5,6,1266.6977715492249,inf,226.8147674879161,119.0828519643232,.eval/entrpolow/Humanoid-v5_6/run_6_data.csv,.eval/entrpolow/Humanoid-v5_6
entrpolow,Humanoid-v5,7,1272.1698372364044,inf,230.16105470478848,116.780288947012,.eval/entrpolow/Humanoid-v5_7/run_7_data.csv,.eval/entrpolow/Humanoid-v5_7
entrpolow,Humanoid-v5,8,1293.314210176468,inf,232.22491403606557,118.03748509799695,.eval/entrpolow/Humanoid-v5_8/run_8_data.csv,.eval/entrpolow/Humanoid-v5_8
entrpolow,Humanoid-v5,9,1253.7009766101837,inf,233.58922184131455,119.04106169476387,.eval/entrpolow/Humanoid-v5_9/run_9_data.csv,.eval/entrpolow/Humanoid-v5_9
entrpolow,Humanoid-v5,10,1290.7433941364288,inf,228.68365289680366,111.92489815316353,.eval/entrpolow/Humanoid-v5_10/run_10_data.csv,.eval/entrpolow/Humanoid-v5_10
entrpo,Humanoid-v5,1,185.25311374664307,inf,171.51833722357725,79.16712815348512,.eval/entrpo/Humanoid-v5_4/run_1_data.csv,.eval/entrpo/Humanoid-v5_4
entrpo,Humanoid-v5,2,181.58463501930237,inf,154.60092227661724,76.68548398342142,.eval/entrpo/Humanoid-v5_5/run_2_data.csv,.eval/entrpo/Humanoid-v5_5
entrpo,Humanoid-v5,3,179.7594633102417,inf,152.92234246870794,73.97909087232962,.eval/entrpo/Humanoid-v5_6/run_3_data.csv,.eval/entrpo/Humanoid-v5_6
entrpo,Humanoid-v5,4,178.40352606773376,inf,145.24710371027442,65.85593523044322,.eval/entrpo/Humanoid-v5_7/run_4_data.csv,.eval/entrpo/Humanoid-v5_7
entrpo,Humanoid-v5,5,181.29642271995544,inf,151.2698180216739,67.4058287920787,.eval/entrpo/Humanoid-v5_8/run_5_data.csv,.eval/entrpo/Humanoid-v5_8
entrpo,Humanoid-v5,6,178.6568489074707,inf,147.99207327456082,72.75702951071233,.eval/entrpo/Humanoid-v5_9/run_6_data.csv,.eval/entrpo/Humanoid-v5_9
entrpo,Humanoid-v5,7,179.11412405967712,inf,179.67148744932038,90.50084900736019,.eval/entrpo/Humanoid-v5_10/run_7_data.csv,.eval/entrpo/Humanoid-v5_10
entrpo,Humanoid-v5,8,182.64733600616455,inf,173.1703756846067,87.31266399019333,.eval/entrpo/Humanoid-v5_11/run_8_data.csv,.eval/entrpo/Humanoid-v5_11
entrpo,Humanoid-v5,9,182.04229164123535,inf,153.7468799,70.40767376423452,.eval/entrpo/Humanoid-v5_12/run_9_data.csv,.eval/entrpo/Humanoid-v5_12
entrpo,Humanoid-v5,10,179.00885772705078,inf,138.77138171472112,61.72235492291707,.eval/entrpo/Humanoid-v5_13/run_10_data.csv,.eval/entrpo/Humanoid-v5_13
ppo,Ant-v5,1,416.4890470504761,inf,-75.43546548734177,168.3763000905072,.eval/ppo/Ant-v5_1/run_1_data.csv,.eval/ppo/Ant-v5_1
ppo,Ant-v5,2,412.00234627723694,inf,-73.77549533972604,167.47541480687724,.eval/ppo/Ant-v5_2/run_2_data.csv,.eval/ppo/Ant-v5_2
ppo,Ant-v5,3,415.46561217308044,inf,-68.96114897597597,166.53960907775618,.eval/ppo/Ant-v5_3/run_3_data.csv,.eval/ppo/Ant-v5_3
ppo,Ant-v5,4,416.8267891407013,inf,-73.64995428263988,170.890477244547,.eval/ppo/Ant-v5_4/run_4_data.csv,.eval/ppo/Ant-v5_4
ppo,Ant-v5,5,414.80915665626526,inf,-71.75719236615384,169.03457721625577,.eval/ppo/Ant-v5_5/run_5_data.csv,.eval/ppo/Ant-v5_5
ppo,Ant-v5,6,412.697137594223,inf,-57.293045615384614,146.45037045421017,.eval/ppo/Ant-v5_6/run_6_data.csv,.eval/ppo/Ant-v5_6
ppo,Ant-v5,7,412.52869868278503,inf,-70.72612296810208,169.68517422043396,.eval/ppo/Ant-v5_7/run_7_data.csv,.eval/ppo/Ant-v5_7
ppo,Ant-v5,8,415.05363416671753,inf,-68.71554205882353,161.3459762441401,.eval/ppo/Ant-v5_8/run_8_data.csv,.eval/ppo/Ant-v5_8
ppo,Ant-v5,9,418.81859731674194,inf,-71.10264680354706,159.5919202137599,.eval/ppo/Ant-v5_9/run_9_data.csv,.eval/ppo/Ant-v5_9
ppo,Ant-v5,10,403.7037181854248,inf,-75.89153229206349,173.4948603604013,.eval/ppo/Ant-v5_10/run_10_data.csv,.eval/ppo/Ant-v5_10
ppo,Humanoid-v5,1,208.86021518707275,inf,104.63686312235916,34.15244349851649,.eval/ppo/Humanoid-v5_1/run_1_data.csv,.eval/ppo/Humanoid-v5_1
ppo,Humanoid-v5,2,233.51927256584167,inf,106.51237250883867,35.77289454824948,.eval/ppo/Humanoid-v5_2/run_2_data.csv,.eval/ppo/Humanoid-v5_2
ppo,Humanoid-v5,3,251.72112941741943,inf,106.28943088593157,34.84079990172311,.eval/ppo/Humanoid-v5_3/run_3_data.csv,.eval/ppo/Humanoid-v5_3
ppo,Humanoid-v5,4,221.18342566490173,inf,105.00080222143802,35.575469701224726,.eval/ppo/Humanoid-v5_4/run_4_data.csv,.eval/ppo/Humanoid-v5_4
ppo,Humanoid-v5,5,212.39941716194153,inf,106.04856531577772,34.59206795337367,.eval/ppo/Humanoid-v5_5/run_5_data.csv,.eval/ppo/Humanoid-v5_5
ppo,Humanoid-v5,6,224.39867043495178,inf,106.18407555042391,36.16171263236876,.eval/ppo/Humanoid-v5_6/run_6_data.csv,.eval/ppo/Humanoid-v5_6
ppo,Humanoid-v5,7,207.40547227859497,inf,105.1081090794702,35.207669288125786,.eval/ppo/Humanoid-v5_7/run_7_data.csv,.eval/ppo/Humanoid-v5_7
ppo,Humanoid-v5,8,216.03420734405518,inf,107.205365748422,36.553095403900876,.eval/ppo/Humanoid-v5_8/run_8_data.csv,.eval/ppo/Humanoid-v5_8
ppo,Humanoid-v5,9,213.8995382785797,inf,105.35887931287392,35.51614097152068,.eval/ppo/Humanoid-v5_9/run_9_data.csv,.eval/ppo/Humanoid-v5_9
ppo,Humanoid-v5,10,216.04704928398132,inf,105.89789540057893,35.882744511886635,.eval/ppo/Humanoid-v5_10/run_10_data.csv,.eval/ppo/Humanoid-v5_10
trpoq2,Ant-v5,1,138.22051644325256,inf,-121.81159486096257,253.37655500770947,.eval/trpoq2/Ant-v5_1/run_1_data.csv,.eval/trpoq2/Ant-v5_1
trpoq2,Ant-v5,2,137.49708533287048,inf,-101.84121974561404,219.56650881032309,.eval/trpoq2/Ant-v5_2/run_2_data.csv,.eval/trpoq2/Ant-v5_2
trpoq2,Ant-v5,3,134.39453148841858,inf,-93.5837216901063,201.8933412284991,.eval/trpoq2/Ant-v5_3/run_3_data.csv,.eval/trpoq2/Ant-v5_3
trpoq2,Ant-v5,4,136.23298573493958,inf,-117.49541215789473,239.95913360378174,.eval/trpoq2/Ant-v5_4/run_4_data.csv,.eval/trpoq2/Ant-v5_4
trpoq2,Ant-v5,5,133.4028124809265,inf,-112.06392642954324,234.89160590964997,.eval/trpoq2/Ant-v5_5/run_5_data.csv,.eval/trpoq2/Ant-v5_5
trpoq2,Ant-v5,6,136.1961009502411,inf,-118.58172517355372,244.5083227131615,.eval/trpoq2/Ant-v5_6/run_6_data.csv,.eval/trpoq2/Ant-v5_6
trpoq2,Ant-v5,7,133.47462153434753,inf,-110.99797422526935,231.55482349892839,.eval/trpoq2/Ant-v5_7/run_7_data.csv,.eval/trpoq2/Ant-v5_7
trpoq2,Ant-v5,8,134.08558249473572,inf,-107.22056943383743,232.21490537439294,.eval/trpoq2/Ant-v5_8/run_8_data.csv,.eval/trpoq2/Ant-v5_8
trpoq2,Ant-v5,9,134.74245309829712,inf,-114.5455469979757,239.53762720617505,.eval/trpoq2/Ant-v5_9/run_9_data.csv,.eval/trpoq2/Ant-v5_9
trpoq2,Ant-v5,10,135.2990665435791,inf,-117.8496931961185,245.71362701523847,.eval/trpoq2/Ant-v5_10/run_10_data.csv,.eval/trpoq2/Ant-v5_10
trpoqho,Ant-v5,1,106.93068432807922,inf,-34.8093726319853,82.70673290499265,.eval/trpoqho/Ant-v5_1/run_1_data.csv,.eval/trpoqho/Ant-v5_1
trpoqho,Ant-v5,2,105.82841229438782,inf,-78.2458931018268,207.01872907399658,.eval/trpoqho/Ant-v5_2/run_2_data.csv,.eval/trpoqho/Ant-v5_2
trpoqho,Ant-v5,3,104.62501668930054,inf,-47.88762470987791,106.47072620885012,.eval/trpoqho/Ant-v5_3/run_3_data.csv,.eval/trpoqho/Ant-v5_3
trpoqho,Ant-v5,4,104.93122553825378,inf,-104.37954150226244,286.9380220063205,.eval/trpoqho/Ant-v5_4/run_4_data.csv,.eval/trpoqho/Ant-v5_4
trpoqho,Ant-v5,5,105.842214345932,inf,-58.622958931107576,123.82556061677472,.eval/trpoqho/Ant-v5_5/run_5_data.csv,.eval/trpoqho/Ant-v5_5
trpoqho,Ant-v5,6,105.73092794418335,inf,-50.87608966758621,140.5093743613953,.eval/trpoqho/Ant-v5_6/run_6_data.csv,.eval/trpoqho/Ant-v5_6
trpoqho,Ant-v5,7,102.2940731048584,inf,-78.97462447262836,186.21282118987472,.eval/trpoqho/Ant-v5_7/run_7_data.csv,.eval/trpoqho/Ant-v5_7
trpoqho,Ant-v5,8,104.60081911087036,inf,-45.12933144042232,105.63201428964493,.eval/trpoqho/Ant-v5_8/run_8_data.csv,.eval/trpoqho/Ant-v5_8
trpoqho,Ant-v5,9,105.05728101730347,inf,-66.61953198587571,136.2991248511791,.eval/trpoqho/Ant-v5_9/run_9_data.csv,.eval/trpoqho/Ant-v5_9
trpoqho,Ant-v5,10,102.52668118476868,inf,-51.764240608998875,120.817460964619,.eval/trpoqho/Ant-v5_10/run_10_data.csv,.eval/trpoqho/Ant-v5_10
trpoqh,Ant-v5,1,118.77315783500671,inf,-124.9853614768212,252.02004675575532,.eval/trpoqh/Ant-v5_1/run_1_data.csv,.eval/trpoqh/Ant-v5_1
trpoqh,Ant-v5,2,117.1664686203003,inf,-119.97992251108765,243.52046267616504,.eval/trpoqh/Ant-v5_2/run_2_data.csv,.eval/trpoqh/Ant-v5_2
trpoqh,Ant-v5,3,115.8544852733612,inf,-110.3347197831207,235.08740012532897,.eval/trpoqh/Ant-v5_3/run_3_data.csv,.eval/trpoqh/Ant-v5_3
trpoqh,Ant-v5,4,114.97902131080627,inf,-95.37961633055787,206.17908434184858,.eval/trpoqh/Ant-v5_4/run_4_data.csv,.eval/trpoqh/Ant-v5_4
trpoqh,Ant-v5,5,117.67260384559631,inf,-113.96207957058243,243.39119433604708,.eval/trpoqh/Ant-v5_5/run_5_data.csv,.eval/trpoqh/Ant-v5_5
trpoqh,Ant-v5,6,116.19923901557922,inf,-104.1353804417122,221.87436455825144,.eval/trpoqh/Ant-v5_6/run_6_data.csv,.eval/trpoqh/Ant-v5_6
trpoqh,Ant-v5,7,114.47722029685974,inf,-118.7199040105374,248.16591889963888,.eval/trpoqh/Ant-v5_7/run_7_data.csv,.eval/trpoqh/Ant-v5_7
trpoqh,Ant-v5,8,113.41797733306885,inf,-117.22802899378883,245.69186562147172,.eval/trpoqh/Ant-v5_8/run_8_data.csv,.eval/trpoqh/Ant-v5_8
trpoqh,Ant-v5,9,112.8581440448761,inf,-108.75295653136882,224.80948528579796,.eval/trpoqh/Ant-v5_9/run_9_data.csv,.eval/trpoqh/Ant-v5_9
trpoqh,Ant-v5,10,112.82963681221008,inf,-109.85310138781432,230.75955577375058,.eval/trpoqh/Ant-v5_10/run_10_data.csv,.eval/trpoqh/Ant-v5_10
trpor,Humanoid-v5,1,233.20580053329468,inf,248.91327706751727,121.40786070751801,.eval/trpor/Humanoid-v5_1/run_1_data.csv,.eval/trpor/Humanoid-v5_1
trpor,Humanoid-v5,2,231.96824026107788,inf,250.64387982299948,121.42861478321461,.eval/trpor/Humanoid-v5_2/run_2_data.csv,.eval/trpor/Humanoid-v5_2
trpor,Humanoid-v5,3,234.64277601242065,inf,242.62268961763198,123.93975697086056,.eval/trpor/Humanoid-v5_3/run_3_data.csv,.eval/trpor/Humanoid-v5_3
trpor,Humanoid-v5,4,237.79119324684143,inf,248.49266898993645,120.16219682404571,.eval/trpor/Humanoid-v5_4/run_4_data.csv,.eval/trpor/Humanoid-v5_4
trpor,Humanoid-v5,5,245.66423058509827,inf,241.03182315687278,108.12365066108843,.eval/trpor/Humanoid-v5_5/run_5_data.csv,.eval/trpor/Humanoid-v5_5
trpor,Humanoid-v5,6,230.87864875793457,inf,250.13335778605898,121.32112485999079,.eval/trpor/Humanoid-v5_6/run_6_data.csv,.eval/trpor/Humanoid-v5_6
trpor,Humanoid-v5,7,225.23164629936218,inf,242.06732335351967,118.33341802510976,.eval/trpor/Humanoid-v5_7/run_7_data.csv,.eval/trpor/Humanoid-v5_7
trpor,Humanoid-v5,8,232.81366562843323,inf,251.48448728257372,112.59991295717087,.eval/trpor/Humanoid-v5_8/run_8_data.csv,.eval/trpor/Humanoid-v5_8
trpor,Humanoid-v5,9,239.29223132133484,inf,246.0704159671704,119.08647039430024,.eval/trpor/Humanoid-v5_9/run_9_data.csv,.eval/trpor/Humanoid-v5_9
trpor,Humanoid-v5,10,227.9706690311432,inf,248.3271384840595,121.98927328251665,.eval/trpor/Humanoid-v5_10/run_10_data.csv,.eval/trpor/Humanoid-v5_10
trpo,Humanoid-v5,1,214.099534034729,inf,243.99254896321597,106.77625326204983,.eval/trpo/Humanoid-v5_1/run_1_data.csv,.eval/trpo/Humanoid-v5_1
trpo,Humanoid-v5,2,218.3572919368744,inf,250.1482816636557,101.89413357916209,.eval/trpo/Humanoid-v5_2/run_2_data.csv,.eval/trpo/Humanoid-v5_2
trpo,Humanoid-v5,3,216.85473012924194,inf,271.7692213560606,109.05446126155837,.eval/trpo/Humanoid-v5_3/run_3_data.csv,.eval/trpo/Humanoid-v5_3
trpo,Humanoid-v5,4,224.85900855064392,inf,250.9334177275607,106.22984322516011,.eval/trpo/Humanoid-v5_4/run_4_data.csv,.eval/trpo/Humanoid-v5_4
trpo,Humanoid-v5,5,209.68732023239136,inf,244.32508082265505,98.80824823341237,.eval/trpo/Humanoid-v5_5/run_5_data.csv,.eval/trpo/Humanoid-v5_5
trpo,Humanoid-v5,6,220.22273445129395,inf,276.32890532687793,110.93349633335667,.eval/trpo/Humanoid-v5_6/run_6_data.csv,.eval/trpo/Humanoid-v5_6
trpo,Humanoid-v5,7,208.78331398963928,inf,241.2170022328557,98.47456368860009,.eval/trpo/Humanoid-v5_7/run_7_data.csv,.eval/trpo/Humanoid-v5_7
trpo,Humanoid-v5,8,218.17261362075806,inf,232.96724090958497,111.4100931948747,.eval/trpo/Humanoid-v5_8/run_8_data.csv,.eval/trpo/Humanoid-v5_8
trpo,Humanoid-v5,9,221.87701773643494,inf,248.03315820919175,104.20381283276342,.eval/trpo/Humanoid-v5_9/run_9_data.csv,.eval/trpo/Humanoid-v5_9
trpo,Humanoid-v5,10,208.470308303833,inf,254.25705687635576,97.00353077908714,.eval/trpo/Humanoid-v5_10/run_10_data.csv,.eval/trpo/Humanoid-v5_10
entrpohigh,InvertedDoublePendulum-v5,1,106.47904133796692,inf,138.33678892944587,136.0443045905472,.eval/entrpohigh/InvertedDoublePendulum-v5_1/run_1_data.csv,.eval/entrpohigh/InvertedDoublePendulum-v5_1
entrpohigh,InvertedDoublePendulum-v5,2,80.64380550384521,inf,141.4815847177914,176.37552124117735,.eval/entrpohigh/InvertedDoublePendulum-v5_2/run_2_data.csv,.eval/entrpohigh/InvertedDoublePendulum-v5_2
entrpohigh,InvertedDoublePendulum-v5,3,78.89789843559265,inf,144.25301770433617,170.8032506256429,.eval/entrpohigh/InvertedDoublePendulum-v5_3/run_3_data.csv,.eval/entrpohigh/InvertedDoublePendulum-v5_3
entrpohigh,InvertedDoublePendulum-v5,4,74.14019012451172,inf,139.9227003405844,130.6652869199007,.eval/entrpohigh/InvertedDoublePendulum-v5_4/run_4_data.csv,.eval/entrpohigh/InvertedDoublePendulum-v5_4
entrpohigh,InvertedDoublePendulum-v5,5,76.81262230873108,inf,146.5622647399423,152.84318302915543,.eval/entrpohigh/InvertedDoublePendulum-v5_5/run_5_data.csv,.eval/entrpohigh/InvertedDoublePendulum-v5_5
entrpohigh,InvertedDoublePendulum-v5,6,114.77504062652588,inf,140.4370382716452,133.0550449038073,.eval/entrpohigh/InvertedDoublePendulum-v5_6/run_6_data.csv,.eval/entrpohigh/InvertedDoublePendulum-v5_6
entrpohigh,InvertedDoublePendulum-v5,7,113.88120460510254,inf,140.28127671085716,144.68957008387883,.eval/entrpohigh/InvertedDoublePendulum-v5_7/run_7_data.csv,.eval/entrpohigh/InvertedDoublePendulum-v5_7
entrpohigh,InvertedDoublePendulum-v5,8,133.59169912338257,inf,135.76042753858317,131.99745594946054,.eval/entrpohigh/InvertedDoublePendulum-v5_8/run_8_data.csv,.eval/entrpohigh/InvertedDoublePendulum-v5_8
entrpohigh,InvertedDoublePendulum-v5,9,98.56156611442566,inf,138.5269270657768,134.49331760725318,.eval/entrpohigh/InvertedDoublePendulum-v5_9/run_9_data.csv,.eval/entrpohigh/InvertedDoublePendulum-v5_9
entrpohigh,InvertedDoublePendulum-v5,10,108.53901195526123,inf,137.76071942425213,125.4206592804414,.eval/entrpohigh/InvertedDoublePendulum-v5_10/run_10_data.csv,.eval/entrpohigh/InvertedDoublePendulum-v5_10
entrpolow,InvertedDoublePendulum-v5,1,61.93940567970276,inf,125.39249618745504,105.59608431948926,.eval/entrpolow/InvertedDoublePendulum-v5_1/run_1_data.csv,.eval/entrpolow/InvertedDoublePendulum-v5_1
entrpolow,InvertedDoublePendulum-v5,2,58.06682896614075,inf,129.54288644814815,118.66156498212277,.eval/entrpolow/InvertedDoublePendulum-v5_2/run_2_data.csv,.eval/entrpolow/InvertedDoublePendulum-v5_2
entrpolow,InvertedDoublePendulum-v5,3,56.749590158462524,inf,129.9667737401575,123.47148127714269,.eval/entrpolow/InvertedDoublePendulum-v5_3/run_3_data.csv,.eval/entrpolow/InvertedDoublePendulum-v5_3
entrpolow,InvertedDoublePendulum-v5,4,54.68797755241394,inf,130.51322055849,123.85882861973911,.eval/entrpolow/InvertedDoublePendulum-v5_4/run_4_data.csv,.eval/entrpolow/InvertedDoublePendulum-v5_4
entrpolow,InvertedDoublePendulum-v5,5,58.792890787124634,inf,122.66600342837019,108.18107258795655,.eval/entrpolow/InvertedDoublePendulum-v5_5/run_5_data.csv,.eval/entrpolow/InvertedDoublePendulum-v5_5
entrpolow,InvertedDoublePendulum-v5,6,60.508819580078125,inf,126.06625277124277,106.1179160116008,.eval/entrpolow/InvertedDoublePendulum-v5_6/run_6_data.csv,.eval/entrpolow/InvertedDoublePendulum-v5_6
entrpolow,InvertedDoublePendulum-v5,7,72.4346330165863,inf,122.74103715790216,98.46810983568032,.eval/entrpolow/InvertedDoublePendulum-v5_7/run_7_data.csv,.eval/entrpolow/InvertedDoublePendulum-v5_7
entrpolow,InvertedDoublePendulum-v5,8,57.417563676834106,inf,130.24279085599403,118.24902321995495,.eval/entrpolow/InvertedDoublePendulum-v5_8/run_8_data.csv,.eval/entrpolow/InvertedDoublePendulum-v5_8
entrpolow,InvertedDoublePendulum-v5,9,50.607128620147705,inf,124.2890827278174,110.72288323956917,.eval/entrpolow/InvertedDoublePendulum-v5_9/run_9_data.csv,.eval/entrpolow/InvertedDoublePendulum-v5_9
entrpolow,InvertedDoublePendulum-v5,10,50.443047285079956,inf,127.86478523043095,117.42919760494449,.eval/entrpolow/InvertedDoublePendulum-v5_10/run_10_data.csv,.eval/entrpolow/InvertedDoublePendulum-v5_10
entrpohigh,InvertedDoublePendulum-v5,1,245.1707124710083,inf,138.46163022442084,127.6203528600395,.eval/entrpohigh/InvertedDoublePendulum-v5_12/run_1_data.csv,.eval/entrpohigh/InvertedDoublePendulum-v5_12
entrpohigh,InvertedDoublePendulum-v5,2,370.9302833080292,inf,139.51248456263167,138.35974865278322,.eval/entrpohigh/InvertedDoublePendulum-v5_13/run_2_data.csv,.eval/entrpohigh/InvertedDoublePendulum-v5_13
entrpohigh,InvertedDoublePendulum-v5,3,256.7253656387329,inf,145.79675969243928,222.828078292091,.eval/entrpohigh/InvertedDoublePendulum-v5_14/run_3_data.csv,.eval/entrpohigh/InvertedDoublePendulum-v5_14
entrpohigh,InvertedDoublePendulum-v5,4,237.9747817516327,inf,140.8167189964017,132.6110319533838,.eval/entrpohigh/InvertedDoublePendulum-v5_15/run_4_data.csv,.eval/entrpohigh/InvertedDoublePendulum-v5_15
entrpohigh,InvertedDoublePendulum-v5,5,202.97538805007935,inf,144.09976553511706,173.9587670639784,.eval/entrpohigh/InvertedDoublePendulum-v5_16/run_5_data.csv,.eval/entrpohigh/InvertedDoublePendulum-v5_16
entrpohigh,InvertedDoublePendulum-v5,6,193.92545890808105,inf,137.6099974102687,127.66428720569695,.eval/entrpohigh/InvertedDoublePendulum-v5_17/run_6_data.csv,.eval/entrpohigh/InvertedDoublePendulum-v5_17
entrpohigh,InvertedDoublePendulum-v5,7,194.22633719444275,inf,141.08237331894014,148.90602987956407,.eval/entrpohigh/InvertedDoublePendulum-v5_18/run_7_data.csv,.eval/entrpohigh/InvertedDoublePendulum-v5_18
entrpohigh,InvertedDoublePendulum-v5,8,181.56605863571167,inf,143.45046699001995,149.39243891900801,.eval/entrpohigh/InvertedDoublePendulum-v5_19/run_8_data.csv,.eval/entrpohigh/InvertedDoublePendulum-v5_19
entrpohigh,InvertedDoublePendulum-v5,9,178.65232229232788,inf,146.25884635211506,162.09016225641548,.eval/entrpohigh/InvertedDoublePendulum-v5_20/run_9_data.csv,.eval/entrpohigh/InvertedDoublePendulum-v5_20
entrpohigh,InvertedDoublePendulum-v5,10,192.01414322853088,inf,144.18080265206487,178.27883113822793,.eval/entrpohigh/InvertedDoublePendulum-v5_21/run_10_data.csv,.eval/entrpohigh/InvertedDoublePendulum-v5_21
entrpolow,InvertedDoublePendulum-v5,1,61.762855052948,inf,121.2581727026235,101.13262687305742,.eval/entrpolow/InvertedDoublePendulum-v5_11/run_1_data.csv,.eval/entrpolow/InvertedDoublePendulum-v5_11
entrpolow,InvertedDoublePendulum-v5,2,64.79439043998718,inf,131.11887444942306,122.436561445987,.eval/entrpolow/InvertedDoublePendulum-v5_12/run_2_data.csv,.eval/entrpolow/InvertedDoublePendulum-v5_12
entrpolow,InvertedDoublePendulum-v5,3,64.22662925720215,inf,128.93028974763732,116.8213497932935,.eval/entrpolow/InvertedDoublePendulum-v5_13/run_3_data.csv,.eval/entrpolow/InvertedDoublePendulum-v5_13
entrpolow,InvertedDoublePendulum-v5,4,67.25744462013245,inf,125.76121609252054,110.50702265882839,.eval/entrpolow/InvertedDoublePendulum-v5_14/run_4_data.csv,.eval/entrpolow/InvertedDoublePendulum-v5_14
entrpolow,InvertedDoublePendulum-v5,5,65.12401986122131,inf,130.66845113003882,121.78588112034113,.eval/entrpolow/InvertedDoublePendulum-v5_15/run_5_data.csv,.eval/entrpolow/InvertedDoublePendulum-v5_15
entrpolow,InvertedDoublePendulum-v5,6,63.45672941207886,inf,128.5704476054722,113.6219111457653,.eval/entrpolow/InvertedDoublePendulum-v5_16/run_6_data.csv,.eval/entrpolow/InvertedDoublePendulum-v5_16
entrpolow,InvertedDoublePendulum-v5,7,68.28243207931519,inf,122.50621261288508,108.99771940947026,.eval/entrpolow/InvertedDoublePendulum-v5_17/run_7_data.csv,.eval/entrpolow/InvertedDoublePendulum-v5_17
entrpolow,InvertedDoublePendulum-v5,8,63.95733857154846,inf,121.58452300656516,102.3396627175723,.eval/entrpolow/InvertedDoublePendulum-v5_18/run_8_data.csv,.eval/entrpolow/InvertedDoublePendulum-v5_18
entrpolow,InvertedDoublePendulum-v5,9,61.77645969390869,inf,125.35642492637331,107.18063508341696,.eval/entrpolow/InvertedDoublePendulum-v5_19/run_9_data.csv,.eval/entrpolow/InvertedDoublePendulum-v5_19
entrpolow,InvertedDoublePendulum-v5,10,60.039018869400024,inf,117.87722304576317,95.93271471317863,.eval/entrpolow/InvertedDoublePendulum-v5_20/run_10_data.csv,.eval/entrpolow/InvertedDoublePendulum-v5_20
trpor,InvertedDoublePendulum-v5,1,256.7814824581146,inf,124.84611520703963,109.66139069321531,.eval/trpor/InvertedDoublePendulum-v5_1/run_1_data.csv,.eval/trpor/InvertedDoublePendulum-v5_1
trpor,InvertedDoublePendulum-v5,2,279.7918047904968,inf,127.1248906419322,105.39439224222043,.eval/trpor/InvertedDoublePendulum-v5_2/run_2_data.csv,.eval/trpor/InvertedDoublePendulum-v5_2
trpor,InvertedDoublePendulum-v5,3,255.98264694213867,inf,125.28062488346026,108.8556524414129,.eval/trpor/InvertedDoublePendulum-v5_3/run_3_data.csv,.eval/trpor/InvertedDoublePendulum-v5_3
trpor,InvertedDoublePendulum-v5,4,271.08863711357117,inf,128.19744203095658,118.53661567101345,.eval/trpor/InvertedDoublePendulum-v5_4/run_4_data.csv,.eval/trpor/InvertedDoublePendulum-v5_4
trpor,InvertedDoublePendulum-v5,5,255.68981623649597,inf,130.0906004994797,116.8934944872072,.eval/trpor/InvertedDoublePendulum-v5_5/run_5_data.csv,.eval/trpor/InvertedDoublePendulum-v5_5
trpor,InvertedDoublePendulum-v5,6,257.93936133384705,inf,122.95835105705409,110.60684072121714,.eval/trpor/InvertedDoublePendulum-v5_6/run_6_data.csv,.eval/trpor/InvertedDoublePendulum-v5_6
trpor,InvertedDoublePendulum-v5,7,250.56797647476196,inf,125.98369143969377,101.00359526434299,.eval/trpor/InvertedDoublePendulum-v5_7/run_7_data.csv,.eval/trpor/InvertedDoublePendulum-v5_7
trpor,InvertedDoublePendulum-v5,8,244.12662053108215,inf,124.42476345281942,108.5239397929808,.eval/trpor/InvertedDoublePendulum-v5_8/run_8_data.csv,.eval/trpor/InvertedDoublePendulum-v5_8
trpor,InvertedDoublePendulum-v5,9,265.896436214447,inf,126.04846084395318,103.30948960162965,.eval/trpor/InvertedDoublePendulum-v5_9/run_9_data.csv,.eval/trpor/InvertedDoublePendulum-v5_9
trpor,InvertedDoublePendulum-v5,10,314.7176282405853,inf,121.59486902948575,93.86788829860132,.eval/trpor/InvertedDoublePendulum-v5_10/run_10_data.csv,.eval/trpor/InvertedDoublePendulum-v5_10
trpoqho,InvertedDoublePendulum-v5,1,39.70827341079712,inf,42.745186349194206,16.91672901550104,.eval/trpoqho/InvertedDoublePendulum-v5_1/run_1_data.csv,.eval/trpoqho/InvertedDoublePendulum-v5_1
trpoqho,InvertedDoublePendulum-v5,2,37.77304983139038,inf,42.718800912203115,16.724704073009924,.eval/trpoqho/InvertedDoublePendulum-v5_2/run_2_data.csv,.eval/trpoqho/InvertedDoublePendulum-v5_2
trpoqho,InvertedDoublePendulum-v5,3,36.09856414794922,inf,42.797721227635606,16.798232076851058,.eval/trpoqho/InvertedDoublePendulum-v5_3/run_3_data.csv,.eval/trpoqho/InvertedDoublePendulum-v5_3
trpoqho,InvertedDoublePendulum-v5,4,36.72973322868347,inf,42.83683886102752,16.907625289922223,.eval/trpoqho/InvertedDoublePendulum-v5_4/run_4_data.csv,.eval/trpoqho/InvertedDoublePendulum-v5_4
trpoqho,InvertedDoublePendulum-v5,5,36.397146224975586,inf,42.760208181718845,16.74388980286249,.eval/trpoqho/InvertedDoublePendulum-v5_5/run_5_data.csv,.eval/trpoqho/InvertedDoublePendulum-v5_5
trpoqho,InvertedDoublePendulum-v5,6,36.31977963447571,inf,42.76639007880212,16.770328599871114,.eval/trpoqho/InvertedDoublePendulum-v5_6/run_6_data.csv,.eval/trpoqho/InvertedDoublePendulum-v5_6
trpoqho,InvertedDoublePendulum-v5,7,36.594823598861694,inf,42.651741095053715,16.791314483347897,.eval/trpoqho/InvertedDoublePendulum-v5_7/run_7_data.csv,.eval/trpoqho/InvertedDoublePendulum-v5_7
trpoqho,InvertedDoublePendulum-v5,8,36.544684171676636,inf,42.766321460958416,16.60989222572337,.eval/trpoqho/InvertedDoublePendulum-v5_8/run_8_data.csv,.eval/trpoqho/InvertedDoublePendulum-v5_8
trpoqho,InvertedDoublePendulum-v5,9,36.794596672058105,inf,43.13518334787632,17.051412018767497,.eval/trpoqho/InvertedDoublePendulum-v5_9/run_9_data.csv,.eval/trpoqho/InvertedDoublePendulum-v5_9
trpoqho,InvertedDoublePendulum-v5,10,36.28380107879639,inf,43.069708090014835,16.725137079340353,.eval/trpoqho/InvertedDoublePendulum-v5_10/run_10_data.csv,.eval/trpoqho/InvertedDoublePendulum-v5_10
trpo,InvertedDoublePendulum-v5,1,124.88305640220642,inf,166.8815482578471,437.89062664172917,.eval/trpo/InvertedDoublePendulum-v5_1/run_1_data.csv,.eval/trpo/InvertedDoublePendulum-v5_1
trpo,InvertedDoublePendulum-v5,2,114.0294599533081,inf,169.95224240391389,485.30467490201465,.eval/trpo/InvertedDoublePendulum-v5_2/run_2_data.csv,.eval/trpo/InvertedDoublePendulum-v5_2
trpo,InvertedDoublePendulum-v5,3,107.53091168403625,inf,166.20620433371803,462.4029165732116,.eval/trpo/InvertedDoublePendulum-v5_3/run_3_data.csv,.eval/trpo/InvertedDoublePendulum-v5_3
trpo,InvertedDoublePendulum-v5,4,105.80656242370605,inf,165.49241151698186,447.15529458232845,.eval/trpo/InvertedDoublePendulum-v5_4/run_4_data.csv,.eval/trpo/InvertedDoublePendulum-v5_4
trpo,InvertedDoublePendulum-v5,5,119.16064786911011,inf,173.06744571814596,557.8085596671298,.eval/trpo/InvertedDoublePendulum-v5_5/run_5_data.csv,.eval/trpo/InvertedDoublePendulum-v5_5
trpo,InvertedDoublePendulum-v5,6,107.16205501556396,inf,171.88627185976694,543.7667550515766,.eval/trpo/InvertedDoublePendulum-v5_6/run_6_data.csv,.eval/trpo/InvertedDoublePendulum-v5_6
trpo,InvertedDoublePendulum-v5,7,102.50764179229736,inf,170.8356428306356,543.8233649127548,.eval/trpo/InvertedDoublePendulum-v5_7/run_7_data.csv,.eval/trpo/InvertedDoublePendulum-v5_7
trpo,InvertedDoublePendulum-v5,8,112.3773467540741,inf,159.03241183048328,435.9886983071029,.eval/trpo/InvertedDoublePendulum-v5_8/run_8_data.csv,.eval/trpo/InvertedDoublePendulum-v5_8
trpo,InvertedDoublePendulum-v5,9,114.07361721992493,inf,164.29183964548432,436.53211009250924,.eval/trpo/InvertedDoublePendulum-v5_9/run_9_data.csv,.eval/trpo/InvertedDoublePendulum-v5_9
trpo,InvertedDoublePendulum-v5,10,102.98957705497742,inf,171.08080844583986,594.7579196943483,.eval/trpo/InvertedDoublePendulum-v5_10/run_10_data.csv,.eval/trpo/InvertedDoublePendulum-v5_10
trpo,Pendulum-v1,1,584.3607394695282,inf,-674.316046586,418.1444062613215,.eval/trpo/Pendulum-v1_1/run_1_data.csv,.eval/trpo/Pendulum-v1_1
trpo,Pendulum-v1,2,577.294273853302,inf,-691.120893376,442.7731439274151,.eval/trpo/Pendulum-v1_2/run_2_data.csv,.eval/trpo/Pendulum-v1_2
trpo,Pendulum-v1,3,572.5715670585632,inf,-761.209995094,415.391206486396,.eval/trpo/Pendulum-v1_3/run_3_data.csv,.eval/trpo/Pendulum-v1_3
trpo,Pendulum-v1,4,589.5753064155579,inf,-682.226654776,424.574677838721,.eval/trpo/Pendulum-v1_4/run_4_data.csv,.eval/trpo/Pendulum-v1_4
trpo,Pendulum-v1,5,586.0479516983032,inf,-676.902166256,428.57406773100485,.eval/trpo/Pendulum-v1_5/run_5_data.csv,.eval/trpo/Pendulum-v1_5
trpo,Pendulum-v1,6,581.3958868980408,inf,-725.248581498,424.59812876579343,.eval/trpo/Pendulum-v1_6/run_6_data.csv,.eval/trpo/Pendulum-v1_6
trpo,Pendulum-v1,7,587.4315419197083,inf,-699.861493176,424.31018350845466,.eval/trpo/Pendulum-v1_7/run_7_data.csv,.eval/trpo/Pendulum-v1_7
trpo,Pendulum-v1,8,573.3733625411987,inf,-734.151635812,419.77725805656144,.eval/trpo/Pendulum-v1_8/run_8_data.csv,.eval/trpo/Pendulum-v1_8
trpo,Pendulum-v1,9,589.2948982715607,inf,-699.432308078,428.21394924088946,.eval/trpo/Pendulum-v1_9/run_9_data.csv,.eval/trpo/Pendulum-v1_9
trpo,Pendulum-v1,10,575.7709486484528,inf,-732.634537334,432.87736075730123,.eval/trpo/Pendulum-v1_10/run_10_data.csv,.eval/trpo/Pendulum-v1_10
entrpo,Ant-v5,1,399.25687432289124,2180,415.2182594989456,676.9218747397292,.eval/entrpo/Ant-v5_1/run_1_data.csv,.eval/entrpo/Ant-v5_1
entrpo,Ant-v5,2,379.16665863990784,2690,412.74373402984037,783.2196386986873,.eval/entrpo/Ant-v5_2/run_2_data.csv,.eval/entrpo/Ant-v5_2
entrpo,Ant-v5,3,371.27709460258484,2077,456.2434972150814,729.214364369707,.eval/entrpo/Ant-v5_3/run_3_data.csv,.eval/entrpo/Ant-v5_3
entrpo,Ant-v5,4,378.60661268234253,2532,361.35601737589457,629.6684701051125,.eval/entrpo/Ant-v5_4/run_4_data.csv,.eval/entrpo/Ant-v5_4
entrpo,Ant-v5,5,361.1722528934479,1730,631.9382282035441,926.4936069334,.eval/entrpo/Ant-v5_5/run_5_data.csv,.eval/entrpo/Ant-v5_5
entrpo,Ant-v5,6,371.1120216846466,1503,586.6590775091863,769.5053122256007,.eval/entrpo/Ant-v5_6/run_6_data.csv,.eval/entrpo/Ant-v5_6
entrpo,Ant-v5,7,360.7989995479584,inf,291.4883191959938,591.0908801789365,.eval/entrpo/Ant-v5_7/run_7_data.csv,.eval/entrpo/Ant-v5_7
entrpo,Ant-v5,8,384.8200206756592,2783,374.6685110464716,730.815439335706,.eval/entrpo/Ant-v5_8/run_8_data.csv,.eval/entrpo/Ant-v5_8
entrpo,Ant-v5,9,372.6683347225189,1221,626.3089357238938,712.076501062307,.eval/entrpo/Ant-v5_9/run_9_data.csv,.eval/entrpo/Ant-v5_9
entrpo,Ant-v5,10,375.1168580055237,2507,386.4008912809948,674.6978880817375,.eval/entrpo/Ant-v5_10/run_10_data.csv,.eval/entrpo/Ant-v5_10
entrpo,Humanoid-v5,1,44.99120116233826,inf,176.30995443927748,83.91881163731496,.eval/entrpo/Humanoid-v5_1/run_1_data.csv,.eval/entrpo/Humanoid-v5_1
entrpo,Humanoid-v5,2,41.88668251037598,inf,141.63049668539327,62.42679818900329,.eval/entrpo/Humanoid-v5_2/run_2_data.csv,.eval/entrpo/Humanoid-v5_2
entrpo,Humanoid-v5,3,40.80425453186035,inf,150.57025394955195,74.60799543439325,.eval/entrpo/Humanoid-v5_3/run_3_data.csv,.eval/entrpo/Humanoid-v5_3
entrpo,Humanoid-v5,4,42.101672649383545,inf,164.8818764223179,82.3525065799102,.eval/entrpo/Humanoid-v5_4/run_4_data.csv,.eval/entrpo/Humanoid-v5_4
entrpo,Humanoid-v5,5,42.812432527542114,inf,147.33425546490662,67.03189950495076,.eval/entrpo/Humanoid-v5_5/run_5_data.csv,.eval/entrpo/Humanoid-v5_5
entrpo,Humanoid-v5,6,41.373351097106934,inf,142.47892568052515,66.73046083839509,.eval/entrpo/Humanoid-v5_6/run_6_data.csv,.eval/entrpo/Humanoid-v5_6
entrpo,Humanoid-v5,7,41.14690566062927,inf,158.2487867746087,76.73388283128409,.eval/entrpo/Humanoid-v5_7/run_7_data.csv,.eval/entrpo/Humanoid-v5_7
entrpo,Humanoid-v5,8,41.47264623641968,inf,151.1200315248509,71.98969625213383,.eval/entrpo/Humanoid-v5_8/run_8_data.csv,.eval/entrpo/Humanoid-v5_8
entrpo,Humanoid-v5,9,41.36275291442871,inf,156.02661760109476,73.3083645481407,.eval/entrpo/Humanoid-v5_9/run_9_data.csv,.eval/entrpo/Humanoid-v5_9
entrpo,Humanoid-v5,10,40.84185791015625,inf,126.31016160869565,49.79911674412587,.eval/entrpo/Humanoid-v5_10/run_10_data.csv,.eval/entrpo/Humanoid-v5_10
entrpo,InvertedDoublePendulum-v5,1,21.15882658958435,inf,56.07937873187536,24.778883287789537,.eval/entrpo/InvertedDoublePendulum-v5_1/run_1_data.csv,.eval/entrpo/InvertedDoublePendulum-v5_1
entrpo,InvertedDoublePendulum-v5,2,22.14413356781006,inf,55.95606900189251,24.621300828735844,.eval/entrpo/InvertedDoublePendulum-v5_2/run_2_data.csv,.eval/entrpo/InvertedDoublePendulum-v5_2
entrpo,InvertedDoublePendulum-v5,3,20.97728657722473,inf,56.43728509409746,24.76144359239276,.eval/entrpo/InvertedDoublePendulum-v5_3/run_3_data.csv,.eval/entrpo/InvertedDoublePendulum-v5_3
entrpo,InvertedDoublePendulum-v5,4,21.197378873825073,inf,55.836313228638,24.314479171006607,.eval/entrpo/InvertedDoublePendulum-v5_4/run_4_data.csv,.eval/entrpo/InvertedDoublePendulum-v5_4
entrpo,InvertedDoublePendulum-v5,5,22.969722270965576,inf,55.523282334336216,24.074184992609435,.eval/entrpo/InvertedDoublePendulum-v5_5/run_5_data.csv,.eval/entrpo/InvertedDoublePendulum-v5_5
entrpo,InvertedDoublePendulum-v5,6,22.484864950180054,inf,54.853421120997766,23.441380234336236,.eval/entrpo/InvertedDoublePendulum-v5_6/run_6_data.csv,.eval/entrpo/InvertedDoublePendulum-v5_6
entrpo,InvertedDoublePendulum-v5,7,22.81993579864502,inf,55.56607304327647,24.202716738803108,.eval/entrpo/InvertedDoublePendulum-v5_7/run_7_data.csv,.eval/entrpo/InvertedDoublePendulum-v5_7
entrpo,InvertedDoublePendulum-v5,8,24.246121644973755,inf,56.54873761961433,25.793462833128725,.eval/entrpo/InvertedDoublePendulum-v5_8/run_8_data.csv,.eval/entrpo/InvertedDoublePendulum-v5_8
entrpo,InvertedDoublePendulum-v5,9,22.753758907318115,inf,55.05057161886088,24.393175572998253,.eval/entrpo/InvertedDoublePendulum-v5_9/run_9_data.csv,.eval/entrpo/InvertedDoublePendulum-v5_9
entrpo,InvertedDoublePendulum-v5,10,24.236048936843872,inf,56.00650983856304,24.788419021055507,.eval/entrpo/InvertedDoublePendulum-v5_10/run_10_data.csv,.eval/entrpo/InvertedDoublePendulum-v5_10
